1,/media/aligned-cricketers/Nasir-Hossain/94.cqdddp1vu.png
1,/media/aligned-cricketers/Nasir-Hossain/64. 0638965cd214f8316b5ab4598f838ec9_new_thumb.png
1,/media/aligned-cricketers/Nasir-Hossain/85. nasir-bg20180409141017.png
1,/media/aligned-cricketers/Nasir-Hossain/65. nasir-hossain-img.png
1,/media/aligned-cricketers/Nasir-Hossain/2. nasir-hossain-1449.png
1,/media/aligned-cricketers/Nasir-Hossain/27. 178591.png
1,/media/aligned-cricketers/Nasir-Hossain/20. 202961.1.png
1,/media/aligned-cricketers/Nasir-Hossain/66. cljx_tduoaexqtl.png
1,/media/aligned-cricketers/Nasir-Hossain/17. nasir_hossain_5.png
1,/media/aligned-cricketers/Nasir-Hossain/38. nasir-hossain.png
1,/media/aligned-cricketers/Nasir-Hossain/50. nasir+hossain+icc+19+cricket+world+cup+official+kx--cez1d5tl.png
1,/media/aligned-cricketers/Nasir-Hossain/4. 80c2f10b6f62f9d56a8c9ec863741e63-59299d8128aa3.png
1,/media/aligned-cricketers/Nasir-Hossain/56. nasir_hossain_oboshor_somoy_pre.png
1,/media/aligned-cricketers/Nasir-Hossain/16. nasir-hossain-bangladesh-india-cricket-1442576042-800.png
1,/media/aligned-cricketers/Nasir-Hossain/91. 520c4669baf06c917a2f1b4c656708f5.png
1,/media/aligned-cricketers/Nasir-Hossain/62. 22417_116.png
1,/media/aligned-cricketers/Nasir-Hossain/78. boqytvwcyaauh7d.png
1,/media/aligned-cricketers/Nasir-Hossain/53. 12212_169.png
1,/media/aligned-cricketers/Nasir-Hossain/10. nasir-hossain-bangladeshi-crickter-age-biography-career-records-cricket-upcoming-wiki.png
1,/media/aligned-cricketers/Nasir-Hossain/55. nasir_hossain_2016-11-07_091.png
1,/media/aligned-cricketers/Nasir-Hossain/93. dsc_0029.png
1,/media/aligned-cricketers/Nasir-Hossain/61. nasir-hossain3.png
1,/media/aligned-cricketers/Nasir-Hossain/42. ikh0yiev_400x400.png
1,/media/aligned-cricketers/Nasir-Hossain/31. nasir-hossain-of-bangladesh-pictured-during-a-headshot-session-ahead-picture-id514185100?s=612x612.png
1,/media/aligned-cricketers/Nasir-Hossain/32. nasir-hossain-of-bangladesh-pictured-during-a-bangladesh-portrait-picture-id151970309.png
1,/media/aligned-cricketers/Nasir-Hossain/82. 13928_199.png
1,/media/aligned-cricketers/Nasir-Hossain/19. nasir-hossain-poses-during-the-bangladesh-2015-icc-cricket-world-cup-picture-id462981194?s=612x612.png
1,/media/aligned-cricketers/Nasir-Hossain/36. cn56cqbukaellvz.png
1,/media/aligned-cricketers/Nasir-Hossain/49. nasir-hossain-2.png
1,/media/aligned-cricketers/Nasir-Hossain/14. nasir-hossain-300x167.png
1,/media/aligned-cricketers/Nasir-Hossain/52. nasir-hossain.png
1,/media/aligned-cricketers/Nasir-Hossain/26. nasir-hossain-online-dhaka.png
1,/media/aligned-cricketers/Nasir-Hossain/96. cddd1529d514b2b77804a234bf99da69-125931-01-02.png
1,/media/aligned-cricketers/Nasir-Hossain/69. nasir.png
1,/media/aligned-cricketers/Nasir-Hossain/22. maxresdefault.png
1,/media/aligned-cricketers/Nasir-Hossain/5. 1525229f61f666c1b902733e7c39d2e9.png
1,/media/aligned-cricketers/Nasir-Hossain/71. prv_75537_1435071310.png
1,/media/aligned-cricketers/Nasir-Hossain/3. photo-1496410465.png
1,/media/aligned-cricketers/Nasir-Hossain/46. nasir_hossain_kon_bowl_khelte_beshi_valo_lage_pre.png
1,/media/aligned-cricketers/Nasir-Hossain/74. hqdefault.png
1,/media/aligned-cricketers/Nasir-Hossain/80. nasir-hossain.png
1,/media/aligned-cricketers/Nasir-Hossain/99. bangladesh-cricketer-nasir-hossain-plays-football-during-a-practice-picture-id164988278.png
1,/media/aligned-cricketers/Nasir-Hossain/1. 8018.png
1,/media/aligned-cricketers/Nasir-Hossain/23. bangladeshi-cricketer-nasir.png
1,/media/aligned-cricketers/Nasir-Hossain/7. nasir-hossain.png
1,/media/aligned-cricketers/Nasir-Hossain/48. 1433867291_3.png
1,/media/aligned-cricketers/Nasir-Hossain/6. nasir-hossain.png
1,/media/aligned-cricketers/Nasir-Hossain/39. nasir-cricketer-daily-sun.png
1,/media/aligned-cricketers/Nasir-Hossain/70. bsp-n1-2015-11-9.png
1,/media/aligned-cricketers/Nasir-Hossain/29. nasir-hossain.png
1,/media/aligned-cricketers/Nasir-Hossain/47. 143869.png
1,/media/aligned-cricketers/Nasir-Hossain/76.nasir-hossain-with-hist-sisters-in-laws.png
2,/media/aligned-cricketers/mushfiqur-rahim/23. mushfiqur-rahim-1.png
2,/media/aligned-cricketers/mushfiqur-rahim/69. mushfiqur+rahim.png
2,/media/aligned-cricketers/mushfiqur-rahim/42. mushfiqur-rahim.png
2,/media/aligned-cricketers/mushfiqur-rahim/66. e4708b391baea7747b2e7326f164ee49.png
2,/media/aligned-cricketers/mushfiqur-rahim/20. mushfiqur-rahim.png
2,/media/aligned-cricketers/mushfiqur-rahim/47. mushfiqur-rahim.png
2,/media/aligned-cricketers/mushfiqur-rahim/99. mushfiqur-rahim.png
2,/media/aligned-cricketers/mushfiqur-rahim/80. mushfiqur-rahim-bangladesh-cricket-twitter-social.png
2,/media/aligned-cricketers/mushfiqur-rahim/57. mushfiqur-600x339.png
2,/media/aligned-cricketers/mushfiqur-rahim/32. uoiwg1p2_400x400.png
2,/media/aligned-cricketers/mushfiqur-rahim/74. mushfiqur-rahim-542x400.png
2,/media/aligned-cricketers/mushfiqur-rahim/96. mushfiqur-rahim-century-against-india.png
2,/media/aligned-cricketers/mushfiqur-rahim/3. front-_m126000.png
2,/media/aligned-cricketers/mushfiqur-rahim/54. mushfiqur-rahim.png
2,/media/aligned-cricketers/mushfiqur-rahim/46. 12rahim-century1.png
2,/media/aligned-cricketers/mushfiqur-rahim/6. mushfiqur-rahim-7infi.png
2,/media/aligned-cricketers/mushfiqur-rahim/97. 263582.png
2,/media/aligned-cricketers/mushfiqur-rahim/13. dc-cover-3o2eqtd5r2dc9rsjivp9uks504-20160401085404.medi.png
2,/media/aligned-cricketers/mushfiqur-rahim/84. 5a99fb59fc29e3091c539e2e9abd10bc.png
2,/media/aligned-cricketers/mushfiqur-rahim/26. r12k5ldz.png
2,/media/aligned-cricketers/mushfiqur-rahim/11. rahman759.png
2,/media/aligned-cricketers/mushfiqur-rahim/98. mushy_66.png
2,/media/aligned-cricketers/mushfiqur-rahim/68. mushfiqur-rahim-2.png
2,/media/aligned-cricketers/mushfiqur-rahim/10. prv_1507567994.png
2,/media/aligned-cricketers/mushfiqur-rahim/67. 491.png
2,/media/aligned-cricketers/mushfiqur-rahim/59. mushfiqur-rahim.png
2,/media/aligned-cricketers/mushfiqur-rahim/88. img_20150218_150039.png
2,/media/aligned-cricketers/mushfiqur-rahim/1. 394.png
2,/media/aligned-cricketers/mushfiqur-rahim/93. 27mushfiqur-rahim-1.png
2,/media/aligned-cricketers/mushfiqur-rahim/95. image.png
2,/media/aligned-cricketers/mushfiqur-rahim/75. bangladesh-cricket-team-wicketkeeper-mushfiqur-rahim-stands-for-the-picture-id465928250.png
2,/media/aligned-cricketers/mushfiqur-rahim/40. maxresdefault.png
2,/media/aligned-cricketers/mushfiqur-rahim/5. cl_hhh.png
2,/media/aligned-cricketers/mushfiqur-rahim/87. e8352129676206203237263f51485f69.png
2,/media/aligned-cricketers/mushfiqur-rahim/82. 2989447.png
2,/media/aligned-cricketers/mushfiqur-rahim/19. 214049.3.png
2,/media/aligned-cricketers/mushfiqur-rahim/21. bangladesh-cricketer-mushfiqur-rahim-reacts.png
2,/media/aligned-cricketers/mushfiqur-rahim/31. 31mushfiqur-rahim-1.png
2,/media/aligned-cricketers/mushfiqur-rahim/7. skysports-mushfiqur-rahman-bangladesh-portrait_4232696.png
2,/media/aligned-cricketers/mushfiqur-rahim/25. mushfiqur-rahim.png
2,/media/aligned-cricketers/mushfiqur-rahim/63. mushfiqur-rahim-in-bangladesh-premier-league.png
2,/media/aligned-cricketers/mushfiqur-rahim/27. mushfiqur-rahim-716.png
2,/media/aligned-cricketers/mushfiqur-rahim/16. mushfiqur-rahim.png
2,/media/aligned-cricketers/mushfiqur-rahim/56. mushfiqur-rahim-1.png
2,/media/aligned-cricketers/mushfiqur-rahim/45. 1022.6666666666666x767__origin__0x0_mushfiqur_rahim_fsa-1024x509.png
2,/media/aligned-cricketers/mushfiqur-rahim/14. mushfiqur-rahim-of-bangladesh-poses-for-a-picture-during-the-for-picture-id688893360?s=612x612.png
2,/media/aligned-cricketers/mushfiqur-rahim/24. mushfiqur-rahim-profile.png
3,/media/aligned-cricketers/Mustafizur-Rahman/2. 9863.png
3,/media/aligned-cricketers/Mustafizur-Rahman/28. 584202-mustafizur-afp-champions-trophy.png
3,/media/aligned-cricketers/Mustafizur-Rahman/56. 260px-mustafiz_with_his_familly%3b_photo_taken_by_masum_ibn_musa_%28cropped%29.png
3,/media/aligned-cricketers/Mustafizur-Rahman/64. mustafizur-rahman.png
3,/media/aligned-cricketers/Mustafizur-Rahman/35. mustafizur.png
3,/media/aligned-cricketers/Mustafizur-Rahman/62. fizz.png
3,/media/aligned-cricketers/Mustafizur-Rahman/97. rahman-mustafizur-image.png
3,/media/aligned-cricketers/Mustafizur-Rahman/76. mustafizur_final.png
3,/media/aligned-cricketers/Mustafizur-Rahman/22. 20160517043319.png
3,/media/aligned-cricketers/Mustafizur-Rahman/60. mustafizur-rahman.png
3,/media/aligned-cricketers/Mustafizur-Rahman/93. 9cfe67038170ad87b5440490a554f7b5.png
3,/media/aligned-cricketers/Mustafizur-Rahman/34. c9ipm64wsaanghg.png
3,/media/aligned-cricketers/Mustafizur-Rahman/3. bangladesh-cricketer-mustafizur-rahman-celebrates-during-the-6th-t20-picture-id932886666?s=612x612.png
3,/media/aligned-cricketers/Mustafizur-Rahman/72. mustafizur-rahman-1.png
3,/media/aligned-cricketers/Mustafizur-Rahman/15. mustafizur-rahman.png
3,/media/aligned-cricketers/Mustafizur-Rahman/88. 64c0cfada33bc7c7be252705b3a7f51b-b6713b457a5efdd4e823af8796e35238-5a08442beceba.png
3,/media/aligned-cricketers/Mustafizur-Rahman/16. mustafizurgi.png
3,/media/aligned-cricketers/Mustafizur-Rahman/47. mustafizur-rahman.png
3,/media/aligned-cricketers/Mustafizur-Rahman/24. maxresdefault.png
3,/media/aligned-cricketers/Mustafizur-Rahman/8. mustafizur2759.png
3,/media/aligned-cricketers/Mustafizur-Rahman/66. 14334804_247691108961015_226544630_n.png
3,/media/aligned-cricketers/Mustafizur-Rahman/25. mustafizurrahman2-1464961548-800.png
3,/media/aligned-cricketers/Mustafizur-Rahman/41. mustafizur-rahman-of-bangladesh-poses-for-a-picture-during-the-for-picture-id688905654.png
3,/media/aligned-cricketers/Mustafizur-Rahman/89. 28_bangladesh+vs+india_raina+out_190615__0001.png
3,/media/aligned-cricketers/Mustafizur-Rahman/81. screenshot_2-300x260.png
3,/media/aligned-cricketers/Mustafizur-Rahman/48. mustafizur-rahman.png
3,/media/aligned-cricketers/Mustafizur-Rahman/68. mustafizur-rahman-1.png
3,/media/aligned-cricketers/Mustafizur-Rahman/46. mustafizur_rahman_18.png
3,/media/aligned-cricketers/Mustafizur-Rahman/40. 2c8b5fd9049335393e31a8349d93692d-f5f795338c1f13d1666929364d48dcbe-fiz-02.png
3,/media/aligned-cricketers/Mustafizur-Rahman/21. 218775.3.png
3,/media/aligned-cricketers/Mustafizur-Rahman/7. 3588749423001_4883953652001_mustafizur.png
3,/media/aligned-cricketers/Mustafizur-Rahman/30. 7a17fad5abc35197d09f7e7e6405fd5e.png
3,/media/aligned-cricketers/Mustafizur-Rahman/92. bangladeshs-mustafizur-rahman-celebrates-new-zealands-martin-guptill-picture-id630519806.png
3,/media/aligned-cricketers/Mustafizur-Rahman/27. 2-3.png
3,/media/aligned-cricketers/Mustafizur-Rahman/91. aus-vs-bang_a8c14ef2-a32d-11e6-93ed-ab826829dd0b.png
3,/media/aligned-cricketers/Mustafizur-Rahman/5. cricket-t20-sri-ban_97d924c2-f3a2-11e7-9d38-90e646082a51.png
3,/media/aligned-cricketers/Mustafizur-Rahman/71.maxresdefault.png
3,/media/aligned-cricketers/Mustafizur-Rahman/80.2-43.png
3,/media/aligned-cricketers/Mustafizur-Rahman/63. mustafizur-rahman-of-bangladesh-pictured-during-a-headshot-session-picture-id514186152?s=612x612.png
3,/media/aligned-cricketers/Mustafizur-Rahman/51. mustafizur-rahman-1-1363267260..png
3,/media/aligned-cricketers/Mustafizur-Rahman/17. mustafizur-rahman.png
3,/media/aligned-cricketers/Mustafizur-Rahman/33. mustafizur-rehman-celebates.png
3,/media/aligned-cricketers/Mustafizur-Rahman/31. mustafizur-rahman-of-bangladesh-pictured-during-a-headshot-session-picture-id514186066?s=612x612.png
3,/media/aligned-cricketers/Mustafizur-Rahman/11. mustafizur-rahman.png
3,/media/aligned-cricketers/Mustafizur-Rahman/83. mustafizur-rahman-of-bangladesh-pictured-during-a-headshot-session-picture-id514186068?s=612x612.png
3,/media/aligned-cricketers/Mustafizur-Rahman/45. mustafizur-rahman-1wb.png
3,/media/aligned-cricketers/Mustafizur-Rahman/84. mustafizur-rahman-bangladeshi-cricketer.png
3,/media/aligned-cricketers/Mustafizur-Rahman/69. 32e34462dbbe4aab2328f41679bafd98.png
3,/media/aligned-cricketers/Mustafizur-Rahman/79.1504797820_4.png
3,/media/aligned-cricketers/Mustafizur-Rahman/10. rpd1jeiw_400x400.png
3,/media/aligned-cricketers/Mustafizur-Rahman/32. mustafizur-rahman.png
3,/media/aligned-cricketers/Mustafizur-Rahman/70. mustafizur-rahman-of-bangladesh-bowls-during-the-icc-world-twenty20-picture-id516837012?s=612x612.png
3,/media/aligned-cricketers/Mustafizur-Rahman/52. mustafizur-rahman.png
3,/media/aligned-cricketers/Mustafizur-Rahman/86. mustafizur-rahman.png
3,/media/aligned-cricketers/Mustafizur-Rahman/14. 1498752820_7.png
3,/media/aligned-cricketers/Mustafizur-Rahman/29. mustafizur-rahman-759.png
3,/media/aligned-cricketers/Mustafizur-Rahman/6. mustafizur-rahman-age-biography-career-records-affairs-cricket-upcoming-wiki.png
3,/media/aligned-cricketers/Mustafizur-Rahman/42. mustafizur-rahman-bowling.png
3,/media/aligned-cricketers/Mustafizur-Rahman/73. sussex.png
4,/media/aligned-cricketers/Mashrafe-Mortaza/56. mortaza-afp-380.png
4,/media/aligned-cricketers/Mashrafe-Mortaza/76. image_20131005101814.png
4,/media/aligned-cricketers/Mashrafe-Mortaza/62. mashrafe-bin-mortaza.png
4,/media/aligned-cricketers/Mashrafe-Mortaza/75. mashrafe-mortaza-captain-of-bangladesh-pictured-during-a-headshot-picture-id514183888?s=612x612.png
4,/media/aligned-cricketers/Mashrafe-Mortaza/88. mashrafe-mortaza-(4).png
4,/media/aligned-cricketers/Mashrafe-Mortaza/67. mashrafe_mortaza_589220.png
4,/media/aligned-cricketers/Mashrafe-Mortaza/42. bangladesh-s-mashrafe-mortaza-during-the-game_20a5d1a0-4d8c-11e7-81ca-1a4d4992589d.png
4,/media/aligned-cricketers/Mashrafe-Mortaza/25. australia-cup-bangladesh-2015-icc-cricket-world_bcfe1ae4-1939-11e7-b8c3-4f9f853ee33e.png
4,/media/aligned-cricketers/Mashrafe-Mortaza/66. mashrafe_7921.png
4,/media/aligned-cricketers/Mashrafe-Mortaza/20. a6a6f07d0f161c9194b9b1c1016bb1a5.png
4,/media/aligned-cricketers/Mashrafe-Mortaza/10. bangladesh-cricketer-mashrafe-mortaza.png
4,/media/aligned-cricketers/Mashrafe-Mortaza/81. mashrafe-1024x768.png
4,/media/aligned-cricketers/Mashrafe-Mortaza/3. mashrafe-mortaza-288.png
4,/media/aligned-cricketers/Mashrafe-Mortaza/55. mortaza-ap.png
4,/media/aligned-cricketers/Mashrafe-Mortaza/8. mashrafe-mortaza.png
4,/media/aligned-cricketers/Mashrafe-Mortaza/79. 214803.3.png
4,/media/aligned-cricketers/Mashrafe-Mortaza/69. mashrafe-mortaza-captain-of-bangladesh-pictured-during-a-headshot-picture-id514184014?s=612x612.png
4,/media/aligned-cricketers/Mashrafe-Mortaza/5. mashrafe-mortaza-afp_806x605_41491328322.png
4,/media/aligned-cricketers/Mashrafe-Mortaza/82. e7771307f2bc38ffb192333fc2350752_m.png
4,/media/aligned-cricketers/Mashrafe-Mortaza/65. mashrafe%20mortaza_45201111-9198-4a23-b8c9-2638094bad60.png
4,/media/aligned-cricketers/Mashrafe-Mortaza/7. mortaza-7592.png
4,/media/aligned-cricketers/Mashrafe-Mortaza/92. image.png
4,/media/aligned-cricketers/Mashrafe-Mortaza/44. bd_odi_practice.png
4,/media/aligned-cricketers/Mashrafe-Mortaza/19. mashrafe-bin-mortaza.png
4,/media/aligned-cricketers/Mashrafe-Mortaza/13. mashrafemortaza_large.png
4,/media/aligned-cricketers/Mashrafe-Mortaza/29. 1374951-image-1491381019-336-640x480.png
4,/media/aligned-cricketers/Mashrafe-Mortaza/41. v7b7ag9e_400x400.png
4,/media/aligned-cricketers/Mashrafe-Mortaza/72. 583247-mortaza-bangladesh-reuters.png
4,/media/aligned-cricketers/Mashrafe-Mortaza/91. mashrafe-mortaza-test-afp.png
4,/media/aligned-cricketers/Mashrafe-Mortaza/78. 224011.png
4,/media/aligned-cricketers/Mashrafe-Mortaza/15. 391.png
4,/media/aligned-cricketers/Mashrafe-Mortaza/23. dc-cover-vqdobi34kemj7ts4kia5kpknq5-20161010200553.medi.png
4,/media/aligned-cricketers/Mashrafe-Mortaza/97. wpid-mashrafe-1.png
4,/media/aligned-cricketers/Mashrafe-Mortaza/94. mashrafe-mortaza-afp_806x605_51520424446.png
4,/media/aligned-cricketers/Mashrafe-Mortaza/50. mashrafe-bin-mortaza.png
4,/media/aligned-cricketers/Mashrafe-Mortaza/95. mashrafe-mortaza-bangladesh.png
4,/media/aligned-cricketers/Mashrafe-Mortaza/98. 046468.png
4,/media/aligned-cricketers/Mashrafe-Mortaza/33. 1200px-mashrafe_bin_mortaza_%28cropped%29.png
4,/media/aligned-cricketers/Mashrafe-Mortaza/74. mortaza.png
4,/media/aligned-cricketers/Mashrafe-Mortaza/12. mashrafemortazafb-story_647_032116123720.png
4,/media/aligned-cricketers/Mashrafe-Mortaza/24. 54795226.png
4,/media/aligned-cricketers/Mashrafe-Mortaza/93. mashrafe-mortaza11.png
4,/media/aligned-cricketers/Mashrafe-Mortaza/61. mashrafe%2bwin.png
4,/media/aligned-cricketers/Mashrafe-Mortaza/30. mashrafe.png
4,/media/aligned-cricketers/Mashrafe-Mortaza/46. z_p16-mashrafe.png
4,/media/aligned-cricketers/Mashrafe-Mortaza/16. mashrafe-mortaza-captain-of-bangladesh-pictured-during-a-headshot-picture-id514183956?s=612x612.png
4,/media/aligned-cricketers/Mashrafe-Mortaza/87. mashrafe-mortaza_3027931.png
4,/media/aligned-cricketers/Mashrafe-Mortaza/80. mashrafee_10.png
4,/media/aligned-cricketers/Mashrafe-Mortaza/32. 18dbea82d79d1a02483fe5ee3d4c8590--full-name-october-.png
4,/media/aligned-cricketers/Mashrafe-Mortaza/9. mm_0_0.png
4,/media/aligned-cricketers/Mashrafe-Mortaza/26. mortaza.png
4,/media/aligned-cricketers/Mashrafe-Mortaza/64. jpeg.png
4,/media/aligned-cricketers/Mashrafe-Mortaza/1. 323.png
4,/media/aligned-cricketers/Mashrafe-Mortaza/54. mashrafe-mortaza-captain-of-bangladesh-poses-with-the-trophy-during-a-picture-id688690870.png
4,/media/aligned-cricketers/Mashrafe-Mortaza/39. mashrafe-mortaza.png
4,/media/aligned-cricketers/Mashrafe-Mortaza/18. mortaza-getty-150617-1497550453.png
4,/media/aligned-cricketers/Mashrafe-Mortaza/38. 03mortaza.png
4,/media/aligned-cricketers/Mashrafe-Mortaza/40. mashrafe-mortaza-profile.png
4,/media/aligned-cricketers/Mashrafe-Mortaza/36. dm_150226_pc_cricwc15_mortaza_presser.jpg?w=926&h=540.png
4,/media/aligned-cricketers/Mashrafe-Mortaza/49. mashrafe-m.png
4,/media/aligned-cricketers/Mashrafe-Mortaza/14. 12mashrafe-mortaza-1.png
4,/media/aligned-cricketers/Mashrafe-Mortaza/31. bangladesh-captain-mashrafe-mortaza-during-press-conference-in-london_149621204970.png
4,/media/aligned-cricketers/Mashrafe-Mortaza/48. realistic-bangladesh-should-aim-for-draw-mashrafe-mortaza.png
4,/media/aligned-cricketers/Mashrafe-Mortaza/21. mashrafe-bin-mortaza.png
4,/media/aligned-cricketers/Mashrafe-Mortaza/83. mashrafe-mortaza-b20170520215922.png
4,/media/aligned-cricketers/Mashrafe-Mortaza/53. mortaza.png
4,/media/aligned-cricketers/Mashrafe-Mortaza/60. 1456201362_4.png
5,/media/aligned-cricketers/Tamim-Iqbal/60. tamim-iqbal-khan-5-638.png
5,/media/aligned-cricketers/Tamim-Iqbal/50. tamimiqbalenglandvbangladeshiccchampionshjdrbrczto3x.png
5,/media/aligned-cricketers/Tamim-Iqbal/48. maxresdefault.png
5,/media/aligned-cricketers/Tamim-Iqbal/1. 660473-tamim-iqbal-970-twitter.png
5,/media/aligned-cricketers/Tamim-Iqbal/17. photo-1503581635.png
5,/media/aligned-cricketers/Tamim-Iqbal/95. tamim-iqbal.png
5,/media/aligned-cricketers/Tamim-Iqbal/51. bangladesh-cricket-player-tamim-iqbal-stands-for-the-national-anthem-picture-id465928194.png
5,/media/aligned-cricketers/Tamim-Iqbal/8. 62886-hnahrbqwro-1499830321.png
5,/media/aligned-cricketers/Tamim-Iqbal/26. tamim+iqbal_03112015_0001.png
5,/media/aligned-cricketers/Tamim-Iqbal/58. 644630-tamim-iqbal-afp.png
5,/media/aligned-cricketers/Tamim-Iqbal/47. 17tamim-iqbal-1.png
5,/media/aligned-cricketers/Tamim-Iqbal/28. tamim-iqbal.png
5,/media/aligned-cricketers/Tamim-Iqbal/57. tamim-iqbal.png
5,/media/aligned-cricketers/Tamim-Iqbal/15. tamim-iqbal-of-bangladesh-poses-for-a-picture-during-the-bangladesh-picture-id688893500?s=612x612.png
5,/media/aligned-cricketers/Tamim-Iqbal/11. tamim-iqbal.png
5,/media/aligned-cricketers/Tamim-Iqbal/83. tamim-iqbal-profile.png
5,/media/aligned-cricketers/Tamim-Iqbal/92. 55a2ce604522d9e7dc86ea57c13db153.png
5,/media/aligned-cricketers/Tamim-Iqbal/39. tamim-iqbal.png
5,/media/aligned-cricketers/Tamim-Iqbal/33. 76863.1.png
5,/media/aligned-cricketers/Tamim-Iqbal/49. tamim.png
5,/media/aligned-cricketers/Tamim-Iqbal/100. bangladesh-cricketer-tamim-iqbal-shakes-hands-with-coach-upul-after-picture-id470350414.png
5,/media/aligned-cricketers/Tamim-Iqbal/2. tamim-iqbal-806_806x605_81475381347.png
5,/media/aligned-cricketers/Tamim-Iqbal/88. tamim-iqbal-profile.png
5,/media/aligned-cricketers/Tamim-Iqbal/42. tamim-iqbal-902.png
5,/media/aligned-cricketers/Tamim-Iqbal/30. tamim-iqbal-of-bangladesh-pictured-during-a-headshot-session-ahead-of-picture-id514185678?s=612x612.png
5,/media/aligned-cricketers/Tamim-Iqbal/27. 612.png
5,/media/aligned-cricketers/Tamim-Iqbal/64. tamim-iqbal.png
5,/media/aligned-cricketers/Tamim-Iqbal/10. sgpbowwv_400x400.png
5,/media/aligned-cricketers/Tamim-Iqbal/69. b7c857186f798ea687182b73749dd812-tamim.png
5,/media/aligned-cricketers/Tamim-Iqbal/73. tamim-iqbal2.png
5,/media/aligned-cricketers/Tamim-Iqbal/59. 1521485228_5.png
5,/media/aligned-cricketers/Tamim-Iqbal/36. tamim-iqbal.png
5,/media/aligned-cricketers/Tamim-Iqbal/23. dc-cover-28vg24u6bdvcrtrt0bvc4kij07-20160304194426.medi.png
5,/media/aligned-cricketers/Tamim-Iqbal/6. tamim-ap-m.png
5,/media/aligned-cricketers/Tamim-Iqbal/66. tamim-iqbal-hajj.png
5,/media/aligned-cricketers/Tamim-Iqbal/12. 20150301122621.png
5,/media/aligned-cricketers/Tamim-Iqbal/13. 647_032517111943.png
5,/media/aligned-cricketers/Tamim-Iqbal/4. tamim-iqbal-web-story.png
5,/media/aligned-cricketers/Tamim-Iqbal/52. d5e122e8a67d752ee0cd52a52a23551b.png
5,/media/aligned-cricketers/Tamim-Iqbal/20. 260px-tamim_iqbal_khan.png
5,/media/aligned-cricketers/Tamim-Iqbal/54. tamim-iqbal-m.png
5,/media/aligned-cricketers/Tamim-Iqbal/71. tamim-iqbal-20171214213824.png
5,/media/aligned-cricketers/Tamim-Iqbal/46. 592162-559715-tamim-iqbal-afp6.png
5,/media/aligned-cricketers/Tamim-Iqbal/32. tamim+iqbal+bangladesh+portrait+session+diy7wfbu91vl.png
5,/media/aligned-cricketers/Tamim-Iqbal/99. tamim-iqbal-t20-world-cup-2016.png
5,/media/aligned-cricketers/Tamim-Iqbal/79. tamim-iqbal-psl-final.png
5,/media/aligned-cricketers/Tamim-Iqbal/34. tamim.png
5,/media/aligned-cricketers/Tamim-Iqbal/25. tamim-iqbal.png
6,/media/aligned-cricketers/Sabbir-Rahman/6. sabbir_rahman20180101182327.png
6,/media/aligned-cricketers/Sabbir-Rahman/46. maxresdefault.png
6,/media/aligned-cricketers/Sabbir-Rahman/45. sabbir-rahman-and-his-mother.png
6,/media/aligned-cricketers/Sabbir-Rahman/23. 532915-sabbir-rahman-getty.png
6,/media/aligned-cricketers/Sabbir-Rahman/76. screenshot_19.png
6,/media/aligned-cricketers/Sabbir-Rahman/64. maxresdefault.png
6,/media/aligned-cricketers/Sabbir-Rahman/11. sabbir-b20160926150343.png
6,/media/aligned-cricketers/Sabbir-Rahman/65. sabbir-rahman-of-bangladesh-poses-for-a-picture-during-the-bangladesh-picture-id689265714.png
6,/media/aligned-cricketers/Sabbir-Rahman/3. sabbir-rahman-profile.png
6,/media/aligned-cricketers/Sabbir-Rahman/90. sabbir-rahman.png
6,/media/aligned-cricketers/Sabbir-Rahman/5. -6zsgt7v_400x400.png
6,/media/aligned-cricketers/Sabbir-Rahman/26. 43d2d42fda79ce8cb8ef85722b5359c0.png
6,/media/aligned-cricketers/Sabbir-Rahman/84. bangladeshs-sabbir-rahman-leaves-the-grounds-during-the-pool-a-2015-picture-id464473284.png
6,/media/aligned-cricketers/Sabbir-Rahman/92. sabbir-rahman-of-bangladesh-pictured-during-a-headshot-session-ahead-picture-id514185554?s=612x612.png
6,/media/aligned-cricketers/Sabbir-Rahman/66. 46590-gsbtlaxoro-1480665528.png
6,/media/aligned-cricketers/Sabbir-Rahman/15. 222907.3.png
6,/media/aligned-cricketers/Sabbir-Rahman/22. maxresdefault.png
6,/media/aligned-cricketers/Sabbir-Rahman/88. bangladesh-cricketer-sabbir-rahman-poses-for-a-selfie-with-cricket-picture-id646227222.png
6,/media/aligned-cricketers/Sabbir-Rahman/52. aeb6f42b84afaf8aa40c85e4371712e8-sabbir-rahman.png
6,/media/aligned-cricketers/Sabbir-Rahman/63. 27816_163.png
6,/media/aligned-cricketers/Sabbir-Rahman/38. 25.png
6,/media/aligned-cricketers/Sabbir-Rahman/47. nafisa-kamal-sabbir-rahman.png
6,/media/aligned-cricketers/Sabbir-Rahman/71. sabbir_rahman.png
6,/media/aligned-cricketers/Sabbir-Rahman/9. sabbir-rahman-80-runs-innings-highlights-vs-sri-lanka-in-asia-t20-match-2016.png
6,/media/aligned-cricketers/Sabbir-Rahman/86. 26sabbir-rahman-1.png
6,/media/aligned-cricketers/Sabbir-Rahman/16. maxresdefault.png
6,/media/aligned-cricketers/Sabbir-Rahman/12. 40r2hpym_400x400.png
6,/media/aligned-cricketers/Sabbir-Rahman/13. 20150630040741.png
6,/media/aligned-cricketers/Sabbir-Rahman/48. ee83a70d050aa6e464b4c0452b56ea0c-5.png
6,/media/aligned-cricketers/Sabbir-Rahman/60. sabbir-rahman.png
6,/media/aligned-cricketers/Sabbir-Rahman/28. 7c6bbf4123bc061accd2f1a8940e53a9.png
6,/media/aligned-cricketers/Sabbir-Rahman/78. 2016-09-26_bsp-17_596943.png
6,/media/aligned-cricketers/Sabbir-Rahman/29. 263580.1.png
6,/media/aligned-cricketers/Sabbir-Rahman/4. photo-1509950848.png
6,/media/aligned-cricketers/Sabbir-Rahman/21. sabbir-rahman-hairstyle.png
6,/media/aligned-cricketers/Sabbir-Rahman/83. sbcna3hjbjbgg.png
6,/media/aligned-cricketers/Sabbir-Rahman/43. bangladesh-cricket-team-player-sabbir-rahman-stands-for-the-national-picture-id465928234.png
6,/media/aligned-cricketers/Sabbir-Rahman/69. 300ccab56db0b15dfe03b748119d139ef95ee8fe.png
6,/media/aligned-cricketers/Sabbir-Rahman/14. sabbir-rahman.png
6,/media/aligned-cricketers/Sabbir-Rahman/31. sabbir-rahman-ban-a.png
6,/media/aligned-cricketers/Sabbir-Rahman/7. bangladesh-final-india-edgbaston-champions-trophy-semi_2ad16bc8-ef06-11e7-9d38-90e646082a51.png
6,/media/aligned-cricketers/Sabbir-Rahman/42. prv_142a8_1474881172-678x381.png
6,/media/aligned-cricketers/Sabbir-Rahman/54. sabbir-rahman.png
6,/media/aligned-cricketers/Sabbir-Rahman/25. 1474905985.png
6,/media/aligned-cricketers/Sabbir-Rahman/77. d0fd0a6293acbb83ac185741219bb1d8.png
6,/media/aligned-cricketers/Sabbir-Rahman/17. sabbir.png
6,/media/aligned-cricketers/Sabbir-Rahman/87. 14173_120.png
6,/media/aligned-cricketers/Sabbir-Rahman/96. sabbir-rahmant20-specialist-3-638.png
6,/media/aligned-cricketers/Sabbir-Rahman/75. sabbir_14.png
6,/media/aligned-cricketers/Sabbir-Rahman/61. sabbir-rahman-1479046808-800.png
6,/media/aligned-cricketers/Sabbir-Rahman/97. -g6fyozh_400x400.png
6,/media/aligned-cricketers/Sabbir-Rahman/8. sabbir-rahman-afp_806x605_61477387932.png
6,/media/aligned-cricketers/Sabbir-Rahman/57. sabbir-rahman.png
6,/media/aligned-cricketers/Sabbir-Rahman/49. sabbir_647_113016041953.png
6,/media/aligned-cricketers/Sabbir-Rahman/2. 8231.png
6,/media/aligned-cricketers/Sabbir-Rahman/81. sabbir-rahman-of-bangladesh-pictured-during-a-headshot-session-ahead-picture-id514185190?s=612x612.png
7,/media/aligned-cricketers/shakib-al-hasan/31. shakib-al-hasan.png
7,/media/aligned-cricketers/shakib-al-hasan/22. chetan-chauhan-1.png
7,/media/aligned-cricketers/shakib-al-hasan/88. 289916-shakib-al-hasan-test.png
7,/media/aligned-cricketers/shakib-al-hasan/56. shakib-al-hasan.png
7,/media/aligned-cricketers/shakib-al-hasan/52. ef945ce8f184b38c6f5b382aee618c88-shakib.png
7,/media/aligned-cricketers/shakib-al-hasan/39. shakib-al-hasan.png
7,/media/aligned-cricketers/shakib-al-hasan/48. 616835-1516476.png
7,/media/aligned-cricketers/shakib-al-hasan/30. shakib20180127160314.png
7,/media/aligned-cricketers/shakib-al-hasan/47. shakib-al-hasan-birthday-wishes-e-greeting-with-name.png
7,/media/aligned-cricketers/shakib-al-hasan/49. 5a8e61fe32004.png
7,/media/aligned-cricketers/shakib-al-hasan/12. shakib-m.png
7,/media/aligned-cricketers/shakib-al-hasan/37. dc-cover-n825i0hcc1uu5u72giad8lmj61-20180315162630.medi.png
7,/media/aligned-cricketers/shakib-al-hasan/58. sakib_al_hasan-daily-sun.png
7,/media/aligned-cricketers/shakib-al-hasan/4. shakib-20180320031106.png
7,/media/aligned-cricketers/shakib-al-hasan/61. shakib-al-hasan.png
7,/media/aligned-cricketers/shakib-al-hasan/21. 670034-shakib-al-hasan-pti.png
7,/media/aligned-cricketers/shakib-al-hasan/11. 9c100be5ae9383b4a254ff9663dd9a3d.png
7,/media/aligned-cricketers/shakib-al-hasan/71. shakib-al-hasan.png
7,/media/aligned-cricketers/shakib-al-hasan/92. banglalink-bio-metric-re-verification-with-shakib-al-hasan.png
7,/media/aligned-cricketers/shakib-al-hasan/15. india-world-bangladesh-group-cup-2011-icc_279c57b0-8705-11e7-a194-d8b7abb7611c.png
7,/media/aligned-cricketers/shakib-al-hasan/60. shakib-al-hasan.png
7,/media/aligned-cricketers/shakib-al-hasan/86. shakib+al+hasan+2011+icc+world+cup+bangladesh+rvxmkihde9pl.png
7,/media/aligned-cricketers/shakib-al-hasan/28. shakib-02.png
7,/media/aligned-cricketers/shakib-al-hasan/10. 1492223877_shakib-al-hasan-kkr-ipl-2017-sunrisers-hyderabad-colin-de-grandhomme.png
7,/media/aligned-cricketers/shakib-al-hasan/65. indiatv712b06_shakib-al-hasan-final.png
7,/media/aligned-cricketers/shakib-al-hasan/14. dc-cover-fkjjcg84vu0dimf3bn1h28er60-20180316110942.medi.png
7,/media/aligned-cricketers/shakib-al-hasan/19. 3910869736001_4799464170001_4799452239001-vs.png
7,/media/aligned-cricketers/shakib-al-hasan/8. shakib-al-hasan-792.png
7,/media/aligned-cricketers/shakib-al-hasan/41. shakib-al-hasan-appeals-unsuccessfuly1.png
7,/media/aligned-cricketers/shakib-al-hasan/64. 20140529085458.png
7,/media/aligned-cricketers/shakib-al-hasan/68. jl2tgynd.png
7,/media/aligned-cricketers/shakib-al-hasan/29. shakib-al-hasan-afp_806x605_51521280192.png
7,/media/aligned-cricketers/shakib-al-hasan/26. dd_shakib_2017-11-08_014.png
7,/media/aligned-cricketers/shakib-al-hasan/79. 170px-shakib_al_hasan_4.png
7,/media/aligned-cricketers/shakib-al-hasan/6. bangladesh-cricketer-shakib-al-hasan.png
7,/media/aligned-cricketers/shakib-al-hasan/78. shakib-lahore-qalandars.png
7,/media/aligned-cricketers/shakib-al-hasan/67. shakibmcc44444444444444444444444_13013.png
7,/media/aligned-cricketers/shakib-al-hasan/66. shakib-al-hasan-of-bangladesh-poses-for-a-picture-during-the-for-picture-id688893424?s=612x612.png
7,/media/aligned-cricketers/shakib-al-hasan/25. bangladeshs-shakib-al-hasan-unsuccesfully-appeals.png
7,/media/aligned-cricketers/shakib-al-hasan/40. shakib-1.png
7,/media/aligned-cricketers/shakib-al-hasan/36. 660228-shakib-970-reuters.png
7,/media/aligned-cricketers/shakib-al-hasan/80. shakib-al-hasan-644x362.png
7,/media/aligned-cricketers/shakib-al-hasan/77. shakib-gi2.png
7,/media/aligned-cricketers/shakib-al-hasan/33. 6b794316588443769dd0a1bc8f38e551.png
7,/media/aligned-cricketers/shakib-al-hasan/91. hi-res-cdfc6c4361308a8a404e45923a48333e_crop_north.png
7,/media/aligned-cricketers/shakib-al-hasan/5. 1*l-jcqfr4sczhorpe0pe_7g.png
7,/media/aligned-cricketers/shakib-al-hasan/99. sakib-al-hasan.png
7,/media/aligned-cricketers/shakib-al-hasan/1. 544.png
7,/media/aligned-cricketers/shakib-al-hasan/34. 225px-shakib-al-hasan-face.png
7,/media/aligned-cricketers/shakib-al-hasan/27. 203417shakib.png
7,/media/aligned-cricketers/shakib-al-hasan/94. photo-1422602366.png
7,/media/aligned-cricketers/shakib-al-hasan/96. shakib-presser-world-cup.png
7,/media/aligned-cricketers/shakib-al-hasan/75. 1*6yv5c_imw2f-0gy2zhgafa.png
7,/media/aligned-cricketers/shakib-al-hasan/44. shakib-al-hasan-eid-style-hd-photo-wallpaper-collection-12.png
7,/media/aligned-cricketers/shakib-al-hasan/54. shakib_al_hasan_1.png
7,/media/aligned-cricketers/shakib-al-hasan/3. shakib-al-hasan_b9140ce0-285b-11e8-a8dd-98cd3615fcfa.png
7,/media/aligned-cricketers/shakib-al-hasan/73. shakib-mushfiqur-new-zealand-1st-test-afp-380.png
7,/media/aligned-cricketers/shakib-al-hasan/97. shakib-al-hasan.png
7,/media/aligned-cricketers/shakib-al-hasan/35. shakib-al-hasan-new-zealand-afp-380.png
7,/media/aligned-cricketers/shakib-al-hasan/90. shakib-al-hasan-cricketer.png
7,/media/aligned-cricketers/shakib-al-hasan/17. india-bangladesh-shakib-al-hasan-hyderabad-test.png
7,/media/aligned-cricketers/shakib-al-hasan/18. shakib-al-hasan-afp_806x605_41520070938.png
7,/media/aligned-cricketers/shakib-al-hasan/50. shakib-al-hasan.png
7,/media/aligned-cricketers/shakib-al-hasan/43. 220px-shakib_al_hasan_3.png
8,/media/aligned-cricketers/Soumya-Sarkar/53. soumya-1433065936-800.png
8,/media/aligned-cricketers/Soumya-Sarkar/35. soumya-sarkar-of-bangladesh-poses-for-a-picture-during-the-bangladesh-picture-id688893556.png
8,/media/aligned-cricketers/Soumya-Sarkar/7. soumya-sarkar-ban-206x300.png
8,/media/aligned-cricketers/Soumya-Sarkar/94. soumya-sarkar.png
8,/media/aligned-cricketers/Soumya-Sarkar/9. bangladesh-bowler-soumya-sarkar-tosses-the-ball-during-an-icc-trophy-picture-id688986552.png
8,/media/aligned-cricketers/Soumya-Sarkar/46. maxresdefault.png
8,/media/aligned-cricketers/Soumya-Sarkar/5. soumya-sarkar.png
8,/media/aligned-cricketers/Soumya-Sarkar/41. soumya-sarkar-profile.png
8,/media/aligned-cricketers/Soumya-Sarkar/3. soumya-sarkar.png
8,/media/aligned-cricketers/Soumya-Sarkar/27. hwqioj_t_400x400.png
8,/media/aligned-cricketers/Soumya-Sarkar/99. soumya-sarkar-bowling-action.png
8,/media/aligned-cricketers/Soumya-Sarkar/47. cgwhwjrugaaje_n.png
8,/media/aligned-cricketers/Soumya-Sarkar/15. soumya-sarkar.png
8,/media/aligned-cricketers/Soumya-Sarkar/50. soumya-sarkar.png
8,/media/aligned-cricketers/Soumya-Sarkar/30. 20150204040846.png
8,/media/aligned-cricketers/Soumya-Sarkar/42. soumya.png
8,/media/aligned-cricketers/Soumya-Sarkar/58. soumya+sarkar+ldy-zlpgmlvm.png
8,/media/aligned-cricketers/Soumya-Sarkar/52. soumya-sarkar-bangladesh-2015.png
8,/media/aligned-cricketers/Soumya-Sarkar/31. young%20soumya%20sarkar.png
8,/media/aligned-cricketers/Soumya-Sarkar/14. 8233.png
8,/media/aligned-cricketers/Soumya-Sarkar/49. soumya-sarkar-17-1458208794.png
8,/media/aligned-cricketers/Soumya-Sarkar/34. soumya-sarkar-profile.png
8,/media/aligned-cricketers/Soumya-Sarkar/59. soumya-sarker.png
8,/media/aligned-cricketers/Soumya-Sarkar/40. cric_150104_wc-bang-isam.jpg?w=640&h=360.png
8,/media/aligned-cricketers/Soumya-Sarkar/44. ouqtmhp.png
8,/media/aligned-cricketers/Soumya-Sarkar/18. soumya-sarkar-62290.png
8,/media/aligned-cricketers/Soumya-Sarkar/25. soumya-sarkar-of-bangladesh-looks-on-during-the-2015-icc-cricket-cup-picture-id465253942?s=612x612.png
9,/media/aligned-cricketers/Mahmudullah/79. muhammadullah.png
9,/media/aligned-cricketers/Mahmudullah/17. 208475.3.png
9,/media/aligned-cricketers/Mahmudullah/48. mahmudullah-riyad3.png
9,/media/aligned-cricketers/Mahmudullah/100. mahmudullah6.png
9,/media/aligned-cricketers/Mahmudullah/39. cl_happy-birthday.png
9,/media/aligned-cricketers/Mahmudullah/9. mahmudullah+riyad_081115_0002.png
9,/media/aligned-cricketers/Mahmudullah/64. gettyimages-694239360.png
9,/media/aligned-cricketers/Mahmudullah/45. 2.+mahmudullah+bangladesh+practice_khulna_16012016_0011.png
9,/media/aligned-cricketers/Mahmudullah/22. mahmudullah-hamilton.png
9,/media/aligned-cricketers/Mahmudullah/63. mahmudullah-with-his-mother.png
9,/media/aligned-cricketers/Mahmudullah/35. img_20170821_210713.png
9,/media/aligned-cricketers/Mahmudullah/62. mahmudullah_ap.png
9,/media/aligned-cricketers/Mahmudullah/55. maxresdefault.png
9,/media/aligned-cricketers/Mahmudullah/59. 4ypdoiv-_400x400.png
9,/media/aligned-cricketers/Mahmudullah/5. 1121.png
9,/media/aligned-cricketers/Mahmudullah/87. mahmudullah.png
9,/media/aligned-cricketers/Mahmudullah/65. 1.+mahmudullah+riyad_081115_0004.png
9,/media/aligned-cricketers/Mahmudullah/85. mahmud+ullah+2011+icc+world+cup+bangladesh+znjy1y3hvsjl.png
9,/media/aligned-cricketers/Mahmudullah/6. 20150630034502.png
9,/media/aligned-cricketers/Mahmudullah/75. mahmudullah-now-targets-cpl-only.png
9,/media/aligned-cricketers/Mahmudullah/12. mahmudullah-riyad.png
9,/media/aligned-cricketers/Mahmudullah/70. riyad_8.png
9,/media/aligned-cricketers/Mahmudullah/60. mahmudullah-of-bangladesh-poses-for-a-picture-during-the-bangladesh-picture-id688893664?k=6&m=688893664&s=612x612&w=0&h=cxl2mf895tkdzwct-hy9ab4q5rm2-ljspxynjuucmge=.png
9,/media/aligned-cricketers/Mahmudullah/38. mahmudullah+riyad_040715_0004-201803110844.png
9,/media/aligned-cricketers/Mahmudullah/88. 263581.png
9,/media/aligned-cricketers/Mahmudullah/11. mahmudullah-938.png
9,/media/aligned-cricketers/Mahmudullah/29. 3-14.png
9,/media/aligned-cricketers/Mahmudullah/19. photo-1521025704.png
9,/media/aligned-cricketers/Mahmudullah/73. dy_y2tyv4aa4zlb.png
9,/media/aligned-cricketers/Mahmudullah/92. 1426271946.png
9,/media/aligned-cricketers/Mahmudullah/14. dm_150707_na-isam-ban-odisquad.jpg?w=926&h=540.png
9,/media/aligned-cricketers/Mahmudullah/2. mahmudullah-consecutive-tons-ns.png
9,/media/aligned-cricketers/Mahmudullah/76. 7785883eb54eea3aff95f0d1e3e50447-riyad.png
9,/media/aligned-cricketers/Mahmudullah/26. tag-reuters-3.png
9,/media/aligned-cricketers/Mahmudullah/37. mahmudullah-riyad-pictures.png
9,/media/aligned-cricketers/Mahmudullah/3. mahmudullah-v-england-adelaide.png
9,/media/aligned-cricketers/Mahmudullah/86. mahmudullah6.png
9,/media/aligned-cricketers/Mahmudullah/93. a07ffc17071146199fea09f1fe7f5e7c.png
9,/media/aligned-cricketers/Mahmudullah/33. mahmudullah-of-bangladesh-celebrates-his-century44.png
9,/media/aligned-cricketers/Mahmudullah/71. maxresdefault.png
9,/media/aligned-cricketers/Mahmudullah/90. mahmudullah-20180210173709-20180213200116.png
9,/media/aligned-cricketers/Mahmudullah/50. mahmudullah-profile.png
9,/media/aligned-cricketers/Mahmudullah/10. mahmudullah-of-bangladesh-celebrates-his-century-during-the-2015-icc-picture-id466030480?s=612x612.png
9,/media/aligned-cricketers/Mahmudullah/41. mahmudullah-riyad-1.png
9,/media/aligned-cricketers/Mahmudullah/67. 1486710836731-player.png
